Profile_ID	Unit_1_CP	Unit_2_CP	Unit_3_CP	Min_Low_Count	Max_Low_Count	Max_Middle_Count	Max_Budget_CP	Allowed_Containers	Active	Sort_Order	Notes
pp_gp	1000.0	100.0	0.0	5.0	30.0	0.0	9.99999999E8	Pouch,Chest	1	1.0	Current M2 profile
gp_ep	100.0	50.0	0.0	5.0	30.0	0.0	9.99999999E8	Pouch,Chest	1	2.0	Current M2 profile
gp_sp	100.0	10.0	0.0	5.0	30.0	0.0	9.99999999E8	Pouch,Chest	1	3.0	Current M2 profile
ep_sp	50.0	10.0	0.0	5.0	30.0	0.0	5000.0	Pouch,Chest	1	4.0	Current M2 profile
sp_cp	10.0	1.0	0.0	5.0	30.0	0.0	2000.0	Pouch,Chest	1	5.0	Current M2 profile
pp_gp_ep	1000.0	100.0	50.0	5.0	30.0	300.0	9.99999999E8	Pouch,Chest	1	6.0	Current M2 profile
pp_gp_sp	1000.0	100.0	10.0	5.0	30.0	300.0	9.99999999E8	Pouch,Chest	1	7.0	Current M2 profile
gp_ep_sp	100.0	50.0	10.0	5.0	30.0	300.0	20000.0	Pouch,Chest	1	8.0	Current M2 profile
ep_sp_cp	50.0	10.0	1.0	5.0	30.0	300.0	5000.0	Pouch,Chest	1	9.0	Current M2 profile
